SMILES,Eox
N#CC(c1ccccc1)C(Br)Oc1ccccc1,2.20490488
O=[N+]([O-])c1ccc(C(c2ccccc2)C(Br)Oc2ccccc2)cc1,2.17108285
CC(Oc1ccccc1)C(C#N)c1ccc(C#N)cc1,1.90472416
COC(C#N)C(C)(C)c1ccc(-c2ccccc2)cc1,1.78815652
COC(Oc1ccccc1)C(C)(C#N)c1ccc([N+](=O)[O-])cc1,1.96891255
COCC(C)(c1ccccc1)c1ccc([N+](=O)[O-])cc1,2.31175855
CCc1ccc(C(C#N)C(OC)OCOC)cc1,2.29097011
COC(C#N)C(C)(C)c1ccccc1,2.47126357
CCc1ccc(C(C)(c2ccccc2)C(Br)OC)cc1,1.90641118
COCOC(C)C(C)c1ccc(C(=O)OC)cc1,2.40669424
CCc1ccc(C(C#N)COc2ccccc2)cc1,1.94036926
COC(=O)c1ccc(C(C)(c2ccccc2)C(OC)OC)cc1,2.15747785
CCc1ccc(C(C)(C#N)C(C)OC)cc1,2.22441445
COC(C#N)C(C#N)c1ccc(C#N)cc1,3.11657593
COCOC(C#N)C(C)(C#N)c1ccc(C#N)cc1,3.05426503
COCC(C)(C#N)c1ccc(C#N)cc1,2.79062734
CC(C)(COc1ccccc1)c1ccc([N+](=O)[O-])cc1,1.81708075
COc1ccc(C(C#N)(C#N)C(C)OC)cc1,2.03984902
COC(Br)C(C)(C#N)c1ccc([N+](=O)[O-])cc1,2.89095061
COC(c1ccccc1)C(C#N)(C#N)c1ccc(-c2ccccc2)cc1,2.02063876
COC(c1ccccc1)C(C#N)c1ccc([N+](=O)[O-])cc1,2.55058072
CCc1ccc(CCOC)cc1,1.97065399
COCOCC(C#N)(C#N)c1ccccc1,2.95625461
COCOCC(C)c1ccccc1,2.24406007
COC(C#N)C(c1ccccc1)c1ccc(C#N)cc1,2.43099277
COC(=O)c1ccc(C(C)(C#N)C(C#N)OC)cc1,2.95538389
COc1ccc(C(C#N)(c2ccccc2)C(OC)OC)cc1,1.78421107
CCc1ccc(C(C#N)C(C#N)OCOC)cc1,2.45646133
COC(=O)c1ccc(C(C#N)C(Br)Oc2ccccc2)cc1,2.22718987
COCOC(Br)C(C)(C#N)c1ccc([N+](=O)[O-])cc1,2.95304383
COC(Br)C(C)(C)c1ccc(C#N)cc1,2.4506656
COC(Oc1ccccc1)C(C#N)c1ccccc1,1.97481712
N#Cc1ccc(C(c2ccccc2)(c2ccccc2)C(Oc2ccccc2)c2ccccc2)cc1,1.87661623
COC(c1ccccc1)C(c1ccccc1)c1ccc([N+](=O)[O-])cc1,2.26079422
COCC(c1ccccc1)(c1ccccc1)c1ccccc1,2.03495122
COC(=O)c1ccc(C(C)(C#N)C(OC)OC)cc1,2.61313651
COCOC(Br)C(c1ccccc1)c1ccccc1,2.15932813
CCc1ccc(CCOCOC)cc1,2.01443488
COCC(C)(C#N)c1ccccc1,2.55289357
COCOC(C)C(c1ccccc1)c1ccccc1,2.04888274
N#Cc1ccc(C(c2ccccc2)(c2ccccc2)C(C#N)Oc2ccccc2)cc1,2.12972365
COC(=O)c1ccc(C(C)(c2ccccc2)C(Br)Oc2ccccc2)cc1,2.09644582
COCOCC(C)(C)c1ccc(C#N)cc1,2.67468553
CCc1ccc(C(C#N)C(Br)OCOC)cc1,2.35649179
COCOC(Br)C(C)(C#N)c1ccc(C#N)cc1,2.80621867
O=[N+]([O-])c1ccc(CC(Oc2ccccc2)c2ccccc2)cc1,1.82276764
CCc1ccc(C(C#N)(C#N)C(Br)OCOC)cc1,2.53814575
COCC(C#N)(C#N)c1ccc(C(=O)OC)cc1,3.03042907
CCc1ccc(C(C)(C#N)COCOC)cc1,2.27790931
N#CC(Oc1ccccc1)C(C#N)c1ccc(-c2ccccc2)cc1,1.99775515
COC(C#N)C(c1ccccc1)c1ccc(-c2ccccc2)cc1,1.79365294
COCOCC(C)(C)c1ccc([N+](=O)[O-])cc1,2.50984735
COC(C#N)C(C#N)c1ccc(-c2ccccc2)cc1,1.97397361
CCc1ccc(C(C)(C)C(OCOC)c2ccccc2)cc1,1.91669656
COCOC(Br)C(C)c1ccc([N+](=O)[O-])cc1,2.45822998
COCOCC(C#N)(c1ccccc1)c1ccc(C#N)cc1,2.5774642000000005
COC(=O)c1ccc(C(C#N)C(C)OC)cc1,2.63207467
COc1ccc(C(C#N)(C#N)C(Br)OC)cc1,2.18980333
COC(=O)c1ccc(C(C)(C#N)C(Br)Oc2ccccc2)cc1,2.220469
COC(c1ccccc1)C(C#N)(C#N)c1ccc([N+](=O)[O-])cc1,2.73792157
COCOC(OC)C(C)(C#N)c1ccc(-c2ccccc2)cc1,1.79656441
COC(=O)c1ccc(C(C)(C)C(Br)Oc2ccccc2)cc1,2.11560166
CCc1ccc(C(C#N)(c2ccccc2)C(Br)Oc2ccccc2)cc1,2.21290462
COC(=O)c1ccc(C(C)(c2ccccc2)C(C#N)OC)cc1,2.32865596
COC(c1ccccc1)C(C#N)c1ccc(C#N)cc1,2.52111229
CCc1ccc(C(c2ccccc2)(c2ccccc2)C(Br)Oc2ccccc2)cc1,1.91370346
COC(C)C(C)(c1ccccc1)c1ccc([N+](=O)[O-])cc1,2.30356834
COC(C)C(C)c1ccc(C#N)cc1,1.85650804
COCOC(Br)C(c1ccccc1)(c1ccccc1)c1ccc(C#N)cc1,2.18044309
CCc1ccc(C(C#N)(C#N)COCOC)cc1,2.59743634
COCC(c1ccccc1)(c1ccccc1)c1ccc(C#N)cc1,2.11350649
COCOC(Br)Cc1ccc(C#N)cc1,2.53817296
COCOC(OC)C(c1ccccc1)(c1ccccc1)c1ccc(C#N)cc1,2.24362471
CCc1ccc(C(C)(C)C(C#N)OCOC)cc1,2.11059502
COC(Br)C(C)c1ccccc1,2.26974631
COC(C#N)Cc1ccc([N+](=O)[O-])cc1,3.07410112
CC(c1ccccc1)(c1ccc(-c2ccccc2)cc1)C(C#N)Oc1ccccc1,1.7949046000000002
CC(c1ccc([N+](=O)[O-])cc1)C(C#N)Oc1ccccc1,2.11402348
COCOC(C)C(C)c1ccc([N+](=O)[O-])cc1,2.66663137
COC(=O)c1ccc(C(C#N)C(Oc2ccccc2)c2ccccc2)cc1,1.95201514
COC(C)C(C#N)c1ccc(-c2ccccc2)cc1,1.8806161
COCOC(OC)C(C#N)c1ccccc1,2.57523298
COC(C)C(C#N)(C#N)c1ccc([N+](=O)[O-])cc1,3.30865132
COCC(C)c1ccccc1,2.24275399
CCc1ccc(C(C)(C#N)C(OCOC)c2ccccc2)cc1,2.20112269
COCC(C#N)(C#N)c1ccc(OC)cc1,2.07426967
CCc1ccc(C(C)(C#N)C(OC)OCOC)cc1,2.21132644
c1ccc(OCC(c2ccccc2)c2ccccc2)cc1,1.7886463
COC(=O)c1ccc(C(c2ccccc2)C(C#N)OC)cc1,2.39308924
COC(=O)c1ccc(C(C#N)(C#N)C(OC)OC)cc1,2.93758855
COC(C#N)C(c1ccccc1)c1ccc([N+](=O)[O-])cc1,2.51999668
COC(Oc1ccccc1)C(C)(C)c1ccc(C#N)cc1,1.90567651
CCc1ccc(CC(OCOC)c2ccccc2)cc1,1.99400017
N#CC(Oc1ccccc1)C(C#N)(c1ccccc1)c1ccc([N+](=O)[O-])cc1,2.23752967
CCc1ccc(C(c2ccccc2)(c2ccccc2)C(OC)Oc2ccccc2)cc1,1.85822227
COCOC(C#N)C(C#N)(C#N)c1ccccc1,3.04163959
COC(=O)c1ccc(CC(C#N)OC)cc1,2.76913144
CCc1ccc(CC(C#N)OC)cc1,2.22912178
CC(Oc1ccccc1)C(C)(C#N)c1ccc(C#N)cc1,1.89267013
COC(Oc1ccccc1)C(C#N)(C#N)c1ccccc1,2.11198273
COc1ccc(C(C#N)COc2ccccc2)cc1,1.84320235
CCc1ccc(C(C#N)(c2ccccc2)C(Br)OCOC)cc1,2.1984289
CCc1ccc(C(C)(COCOC)c2ccccc2)cc1,1.91130898
CCc1ccc(C(C#N)C(Br)OC)cc1,2.37472249
COCOCC(c1ccccc1)(c1ccccc1)c1ccccc1,2.05734505
COCOC(C)Cc1ccccc1,2.24786947
CC(c1ccccc1)C(Br)Oc1ccccc1,2.08488157
CC(C#N)(c1ccccc1)C(Oc1ccccc1)c1ccccc1,1.91364904
COC(c1ccccc1)C(C#N)c1ccc(-c2ccccc2)cc1,1.86913348
CCc1ccc(C(C)(c2ccccc2)C(C#N)OCOC)cc1,2.05157653
N#CC(COc1ccccc1)(c1ccccc1)c1ccc([N+](=O)[O-])cc1,1.99057171
COCOC(C)C(C)(c1ccccc1)c1ccc(C(=O)OC)cc1,2.1682257999999996
CCc1ccc(C(C)(C)C(C#N)Oc2ccccc2)cc1,2.07037864
COCOC(c1ccccc1)C(C)(C)c1ccccc1,2.09805121
COC(C)C(C)(C#N)c1ccc([N+](=O)[O-])cc1,3.06308107
COC(Oc1ccccc1)C(C#N)(C#N)c1ccc(-c2ccccc2)cc1,2.04341353
CC(c1ccc(C#N)cc1)C(Oc1ccccc1)c1ccccc1,1.79732629
COC(=O)c1ccc(C(C)C(C)OC)cc1,2.26256287
COC(=O)c1ccc(C(C)(C)C(C#N)Oc2ccccc2)cc1,2.09500369
COC(Oc1ccccc1)C(c1ccccc1)c1ccc(C#N)cc1,1.85245375
COCOC(C#N)C(C)(c1ccccc1)c1ccccc1,2.21524468
CCc1ccc(C(c2ccccc2)C(C#N)OC)cc1,2.04711409
COC(=O)c1ccc(C(C#N)(C#N)C(C)Oc2ccccc2)cc1,2.03859736
COCC(C#N)(C#N)c1ccc([N+](=O)[O-])cc1,3.30394399
COCOC(C)C(C#N)(C#N)c1ccc(-c2ccccc2)cc1,2.03669266
COCOC(C#N)C(C)(C#N)c1ccc(OC)cc1,1.98412294
COC(C#N)C(C#N)(c1ccccc1)c1ccc(-c2ccccc2)cc1,1.96347055
CCc1ccc(C(C#N)(C#N)C(OCOC)c2ccccc2)cc1,2.41180972
COC(=O)c1ccc(CCOc2ccccc2)cc1,1.81645492
BrC(Cc1ccccc1)Oc1ccccc1,2.09641861
CCc1ccc(C(COCOC)c2ccccc2)cc1,1.94583847
COC(C)C(c1ccccc1)(c1ccccc1)c1ccc(C#N)cc1,2.1434647
COCOC(c1ccccc1)C(c1ccccc1)c1ccc(C(=O)OC)cc1,2.20011592
COCOCC(C)(c1ccccc1)c1ccc([N+](=O)[O-])cc1,2.34179839
COC(Cc1ccc(C#N)cc1)c1ccccc1,2.40190528
CCc1ccc(C(C)(c2ccccc2)C(OC)OC)cc1,1.91247901
COC(=O)c1ccc(C(C)C(Br)Oc2ccccc2)cc1,2.1110848
COC(Br)Cc1ccc([N+](=O)[O-])cc1,3.05094541
COC(=O)c1ccc(C(C)(C#N)C(Br)OC)cc1,2.69033128
COCOC(C)C(C#N)c1ccc(-c2ccccc2)cc1,1.8343591000000001
COCOC(Br)C(C#N)c1ccc(C#N)cc1,2.88863776
BrC(Oc1ccccc1)C(c1ccccc1)c1ccccc1,2.07573901
COC(c1ccccc1)C(c1ccccc1)c1ccc(C#N)cc1,2.2291762000000004
CCc1ccc(C(C)(C)C(C)OCOC)cc1,1.9437433000000002
COCOC(OC)C(C)(c1ccccc1)c1ccc([N+](=O)[O-])cc1,2.28239896
COCOCC(c1ccccc1)c1ccccc1,2.13135625
COC(Cc1ccccc1)OC,2.26786882
N#CC(c1ccccc1)(c1ccc(-c2ccccc2)cc1)C(Br)Oc1ccccc1,1.93805641
COCOC(C#N)C(C)(c1ccccc1)c1ccc(C#N)cc1,2.40081688
CCc1ccc(C(C#N)(COC)c2ccccc2)cc1,2.21763916
COC(C#N)C(C)c1ccc([N+](=O)[O-])cc1,2.96866237
COC(=O)c1ccc(C(C)C(C#N)Oc2ccccc2)cc1,2.10888079
COC(C)C(c1ccccc1)c1ccc(C#N)cc1,2.22933946
COC(c1ccccc1)C(c1ccccc1)(c1ccccc1)c1ccc([N+](=O)[O-])cc1,2.14262119
CC(Oc1ccccc1)C(C)(C#N)c1ccc(-c2ccccc2)cc1,1.83982831
COC(=O)c1ccc(C(C)C(C#N)OC)cc1,2.67463111
N#Cc1ccc(C(C#N)(c2ccccc2)C(Br)Oc2ccccc2)cc1,2.21592493
O=[N+]([O-])c1ccc(C(COc2ccccc2)(c2ccccc2)c2ccccc2)cc1,1.8544945
COCOC(OC)C(C#N)(c1ccccc1)c1ccc([N+](=O)[O-])cc1,2.57588602
CCc1ccc(C(C)(C#N)C(Br)Oc2ccccc2)cc1,2.16798091
CCc1ccc(C(C#N)C(C)OCOC)cc1,2.24748853
COC(=O)c1ccc(C(COc2ccccc2)c2ccccc2)cc1,1.81615561
COC(C)C(C#N)c1ccccc1,2.52269047
COC(=O)c1ccc(C(C#N)C(C#N)OC)cc1,3.04199332
COCOC(c1ccccc1)C(C#N)(c1ccccc1)c1ccc([N+](=O)[O-])cc1,2.45183563
COC(Br)C(c1ccccc1)(c1ccccc1)c1ccccc1,2.03127787
COC(Br)C(C#N)c1ccc([N+](=O)[O-])cc1,2.90439235
COC(OC)C(C#N)c1ccccc1,2.49972523
CCc1ccc(C(C)(c2ccccc2)C(Br)OCOC)cc1,1.96145701
CC(c1ccccc1)(c1ccc(C#N)cc1)C(C#N)Oc1ccccc1,2.16229402
COCOC(c1ccccc1)C(c1ccccc1)(c1ccccc1)c1ccc(C#N)cc1,1.9856467
CCc1ccc(C(C#N)C(OC)Oc2ccccc2)cc1,1.93634218
COCOC(Br)C(C)c1ccc(C(=O)OC)cc1,2.4093063999999997
N#CC(C#N)(c1ccc([N+](=O)[O-])cc1)C(Br)Oc1ccccc1,2.37265453
N#Cc1ccc(C(C#N)C(Br)Oc2ccccc2)cc1,2.25001906
COCC(C#N)(c1ccccc1)c1ccc(C(=O)OC)cc1,2.50655494
O=[N+]([O-])c1ccc(CCOc2ccccc2)cc1,1.86064396
COCOC(C#N)C(C)(C#N)c1ccc(C(=O)OC)cc1,2.95660834
COC(=O)c1ccc(C(C#N)(C#N)C(Br)OC)cc1,2.94003745
COC(=O)c1ccc(C(c2ccccc2)(c2ccccc2)C(Br)Oc2ccccc2)cc1,2.17959958
COCOC(Br)C(C#N)(c1ccccc1)c1ccccc1,2.47512739
COCOC(Br)C(c1ccccc1)c1ccc(C#N)cc1,2.37145729
N#CC(C#N)(c1ccc(-c2ccccc2)cc1)C(Oc1ccccc1)c1ccccc1,2.05130443
COCOC(C#N)C(C)(C)c1ccc(C(=O)OC)cc1,2.70412675
CCc1ccc(C(C#N)C(Oc2ccccc2)c2ccccc2)cc1,1.93411096
CCc1ccc(C(C)(C)C(C#N)OC)cc1,2.12947876
COC(Br)C(C#N)(c1ccccc1)c1ccc(-c2ccccc2)cc1,1.94330794
CCc1ccc(C(C#N)C(OC)OC)cc1,2.26838581
N#Cc1ccc(C(C#N)(COc2ccccc2)c2ccccc2)cc1,1.96534804
COCOC(c1ccccc1)C(C)(C)c1ccc(C(=O)OC)cc1,2.33208442
COCOC(C)C(C)(C#N)c1ccc(-c2ccccc2)cc1,1.84997764
COC(Br)C(C)(C#N)c1ccc(-c2ccccc2)cc1,1.94396098
CCc1ccc(C(C)(C)C(Br)OC)cc1,2.00028568
COC(C#N)C(c1ccccc1)(c1ccccc1)c1ccccc1,2.12036341
CCc1ccc(C(C)(C)C(Br)OCOC)cc1,2.14705642
COC(=O)c1ccc(C(C)(C)C(C#N)OC)cc1,2.66244103
COC(OC)C(c1ccccc1)c1ccccc1,2.06436523
COC(C)C(C#N)c1ccc(C#N)cc1,2.7486151000000003
COCOC(Br)C(C)(C)c1ccc(C#N)cc1,2.52560194
CCc1ccc(C(c2ccccc2)C(OC)Oc2ccccc2)cc1,1.8806161
CC(Cc1ccc([N+](=O)[O-])cc1)Oc1ccccc1,1.79947588
COCOC(C)C(C#N)(C#N)c1ccc([N+](=O)[O-])cc1,3.11148766
COCOC(Br)C(C)(C#N)c1ccccc1,2.57313781
COCOC(C#N)C(C#N)(C#N)c1ccc(C(=O)OC)cc1,3.0767677000000004
CCc1ccc(C(C#N)(C#N)C(C#N)OCOC)cc1,2.69808613
N#Cc1ccc(C(c2ccccc2)C(C#N)Oc2ccccc2)cc1,2.13633568
COCOC(C)Cc1ccc([N+](=O)[O-])cc1,2.58989917
COC(Br)C(c1ccccc1)c1ccc([N+](=O)[O-])cc1,2.33102323
CC(C#N)(c1ccc(-c2ccccc2)cc1)C(Oc1ccccc1)c1ccccc1,1.90769005
CC(Oc1ccccc1)C(C)(C#N)c1ccc([N+](=O)[O-])cc1,1.90570372
COC(OC)C(C)(C#N)c1ccccc1,2.48729026
COc1ccc(C(C)(C#N)COc2ccccc2)cc1,1.82274043
COC(c1ccccc1)C(C)(C#N)c1ccc(-c2ccccc2)cc1,1.8792556
CCc1ccc(C(C#N)(c2ccccc2)C(C)Oc2ccccc2)cc1,1.87264357
COC(=O)c1ccc(C(C#N)(C#N)C(Br)Oc2ccccc2)cc1,2.36435548
COC(=O)c1ccc(C(c2ccccc2)C(C#N)Oc2ccccc2)cc1,2.15097466
COC(Cc1ccc([N+](=O)[O-])cc1)OC,2.72018065
COC(c1ccccc1)C(C#N)c1ccccc1,2.42438074
COCOCCc1ccc(C(=O)OC)cc1,2.49275947
COC(Oc1ccccc1)C(C#N)(c1ccccc1)c1ccc([N+](=O)[O-])cc1,2.01508792
COC(Oc1ccccc1)C(c1ccccc1)(c1ccccc1)c1ccccc1,1.79830585
COCC(C#N)(c1ccccc1)c1ccccc1,2.36198821
CC(C)(c1ccc(C#N)cc1)C(C#N)Oc1ccccc1,2.11971037
O=[N+]([O-])c1ccc(C(c2ccccc2)(c2ccccc2)C(Oc2ccccc2)c2ccccc2)cc1,1.87158238
COCOC(C)C(C#N)(C#N)c1ccc(OC)cc1,1.97927956
COC(Oc1ccccc1)C(C)c1ccc(C#N)cc1,1.82899873
COC(=O)c1ccc(CC(Br)OC)cc1,2.70260299
COCOC(Cc1ccc(C(=O)OC)cc1)c1ccccc1,2.33505031
COCC(C)(c1ccccc1)c1ccc(C#N)cc1,2.27020888
COCOC(OC)C(C)(c1ccccc1)c1ccc(C#N)cc1,2.27692975
COC(Cc1ccc([N+](=O)[O-])cc1)Oc1ccccc1,1.85351494
COCC(C)(C)c1ccc(C#N)cc1,2.44669294
COCOC(C)C(C)(C#N)c1ccc(C(=O)OC)cc1,2.78736214
COC(c1ccccc1)C(c1ccccc1)c1ccccc1,2.04210745
COC(Cc1ccc(C#N)cc1)Oc1ccccc1,1.84453564
COc1ccc(C(C#N)(C#N)C(OC)c2ccccc2)cc1,2.08112659
N#CC(c1ccccc1)(c1ccc([N+](=O)[O-])cc1)C(Oc1ccccc1)c1ccccc1,1.98298012
COc1ccc(C(C#N)C(C#N)Oc2ccccc2)cc1,2.02869292
N#Cc1ccc(C(C#N)(c2ccccc2)C(C#N)Oc2ccccc2)cc1,2.24400565
COCOC(Br)C(C)(C)c1ccc(C(=O)OC)cc1,2.40315694
COC(Br)C(C)(C)c1ccc([N+](=O)[O-])cc1,2.98406323
N#CC(Oc1ccccc1)C(c1ccccc1)c1ccccc1,2.08583392
COC(C)C(C)(c1ccccc1)c1ccc(C#N)cc1,2.22846874
CCc1ccc(C(C)(C#N)C(C#N)OCOC)cc1,2.42854387
COCOC(C#N)C(C)(C)c1ccc(C#N)cc1,2.81389189
COCOC(C#N)C(C)c1ccccc1,2.42995879
BrC(Oc1ccccc1)C(c1ccccc1)(c1ccccc1)c1ccccc1,2.09323504
COCOC(C)C(c1ccccc1)(c1ccccc1)c1ccc([N+](=O)[O-])cc1,2.24854972
CCc1ccc(C(C)C(OC)OCOC)cc1,1.98080332
CC(C)(c1ccc(C#N)cc1)C(Br)Oc1ccccc1,2.1255061
COC(=O)c1ccc(CC(OC)c2ccccc2)cc1,2.3679472
CCc1ccc(C(C)(C#N)COc2ccccc2)cc1,1.89446599
CCc1ccc(C(C)C(C#N)OCOC)cc1,2.15592688
COCOC(C#N)C(C)(C#N)c1ccc([N+](=O)[O-])cc1,3.23330683
COCOC(Cc1ccccc1)OC,2.30514652
COCOCC(C#N)c1ccc([N+](=O)[O-])cc1,2.95345198
CCc1ccc(C(C)C(C)OC)cc1,1.96948396
COCOC(C#N)C(C#N)(c1ccccc1)c1ccccc1,2.50214692
COC(Oc1ccccc1)C(C#N)(c1ccccc1)c1ccc(-c2ccccc2)cc1,1.86173236
COCOCC(C)c1ccc([N+](=O)[O-])cc1,2.63177536
COCOC(OC)C(C#N)(C#N)c1ccc(C(=O)OC)cc1,2.99913757
COCOC(C#N)Cc1ccc(OC)cc1,1.78584367
COC(=O)c1ccc(C(C#N)C(Br)OC)cc1,2.75111842
CCc1ccc(C(C)(C#N)COC)cc1,2.26152889
COC(Br)C(C#N)c1ccccc1,2.56541017
COC(=O)c1ccc(CC(C)OC)cc1,2.32343164
COC(C)C(C)(c1ccccc1)c1ccccc1,2.04003949
COc1ccc(C(C#N)(C#N)COc2ccccc2)cc1,2.04512776
COc1ccc(C(C#N)(C#N)C(Br)Oc2ccccc2)cc1,2.16425314
COC(C)Cc1ccccc1,2.11799614
COC(Br)C(C#N)(C#N)c1ccc(-c2ccccc2)cc1,2.10675841
COC(=O)c1ccc(C(C#N)(c2ccccc2)C(C#N)OC)cc1,2.61221137
CCc1ccc(C(C#N)(C#N)C(OC)OC)cc1,2.50342579
CCc1ccc(C(C)(COC)c2ccccc2)cc1,1.8947653000000002
COC(Br)C(C#N)(c1ccccc1)c1ccc(C#N)cc1,2.56108378
CCc1ccc(C(C)(c2ccccc2)C(OCOC)c2ccccc2)cc1,1.8006186999999998
COC(C#N)C(C#N)(C#N)c1ccc(C#N)cc1,3.31858297
COCOC(Cc1ccccc1)c1ccccc1,2.19007543
COCOC(C#N)C(C#N)(C#N)c1ccc(C#N)cc1,3.34021492
COC(C)C(C#N)(C#N)c1ccc(-c2ccccc2)cc1,2.01138736
COCOC(Br)C(C#N)(c1ccccc1)c1ccc(C#N)cc1,2.49289552
COCOC(Br)C(c1ccccc1)(c1ccccc1)c1ccccc1,2.12365582
COCOCC(C#N)c1ccc(OC)cc1,1.85827669
COCOC(C#N)C(c1ccccc1)(c1ccccc1)c1ccc(-c2ccccc2)cc1,1.81011499
COCOC(C#N)C(C)(C#N)c1ccc(-c2ccccc2)cc1,1.95511708
N#CC(C#N)(COc1ccccc1)c1ccccc1,2.03127787
COCOC(OC)C(C#N)(C#N)c1ccc([N+](=O)[O-])cc1,3.29956318
COC(=O)c1ccc(C(C#N)(c2ccccc2)C(OC)c2ccccc2)cc1,2.4465841
COC(=O)c1ccc(C(C)(c2ccccc2)C(OC)c2ccccc2)cc1,2.12422723
COC(OC)C(C#N)(c1ccccc1)c1ccc(-c2ccccc2)cc1,1.85645362
COC(=O)c1ccc(C(C#N)(C#N)C(OC)Oc2ccccc2)cc1,2.09410576
COCOC(Br)C(C#N)(c1ccccc1)c1ccc(-c2ccccc2)cc1,1.91781217
N#CC(Oc1ccccc1)C(c1ccccc1)(c1ccccc1)c1ccc([N+](=O)[O-])cc1,2.1445531000000004
COCOC(C)C(C)c1ccccc1,2.24528452
COC(=O)c1ccc(C(C)C(Br)OC)cc1,2.64418312
COCC(C)(c1ccccc1)c1ccccc1,2.07035143
N#Cc1ccc(C(c2ccccc2)C(Br)Oc2ccccc2)cc1,2.13867574
COCOC(OC)C(c1ccccc1)c1ccc(C(=O)OC)cc1,2.21660518
COCOC(c1ccccc1)C(c1ccccc1)c1ccc([N+](=O)[O-])cc1,2.28261664
COC(=O)c1ccc(C(C)(c2ccccc2)C(C)OC)cc1,2.16430756
COCOC(Cc1ccc([N+](=O)[O-])cc1)OC,2.78347111
COCOC(c1ccccc1)C(C#N)(c1ccccc1)c1ccc(-c2ccccc2)cc1,1.85661688
COCOC(C#N)C(C#N)c1ccc(C(=O)OC)cc1,2.94659506
COC(=O)c1ccc(C(C#N)(c2ccccc2)C(OC)OC)cc1,2.49814705
COCOC(OC)C(c1ccccc1)c1ccc([N+](=O)[O-])cc1,2.35499524
CC(COc1ccccc1)c1ccc([N+](=O)[O-])cc1,1.82148877
c1ccc(OC(c2ccccc2)C(c2ccccc2)c2ccccc2)cc1,1.8705484
COCOC(c1ccccc1)C(C#N)(C#N)c1ccc(-c2ccccc2)cc1,2.05225678
COCOC(Br)C(C#N)(c1ccccc1)c1ccc([N+](=O)[O-])cc1,2.67482158
COC(Br)C(c1ccccc1)(c1ccccc1)c1ccc(C#N)cc1,2.17753162
COC(=O)c1ccc(C(C)(C#N)C(C)Oc2ccccc2)cc1,1.86611317
COCOCC(C#N)(c1ccccc1)c1ccccc1,2.38062706
COC(Oc1ccccc1)C(C#N)(c1ccccc1)c1ccccc1,1.95593338
COCOCC(C)(C)c1ccccc1,2.28008611
CCc1ccc(C(c2ccccc2)C(OC)OCOC)cc1,1.89552718
CC(Oc1ccccc1)C(C#N)(C#N)c1ccccc1,2.00907451
COC(Br)C(C#N)(C#N)c1ccccc1,2.91709942
COCC(C)(C#N)c1ccc(OC)cc1,1.87931002
COCOC(Br)C(C#N)(C#N)c1ccc(C#N)cc1,3.208192
COC(Oc1ccccc1)C(c1ccccc1)c1ccccc1,1.80445531
COCOC(C)C(c1ccccc1)c1ccc(C(=O)OC)cc1,2.18003494
COCOC(C)C(c1ccccc1)(c1ccccc1)c1ccc(C#N)cc1,2.13995461
COCC(C)(C#N)c1ccc(-c2ccccc2)cc1,1.85226328
COC(C#N)C(c1ccccc1)(c1ccccc1)c1ccc([N+](=O)[O-])cc1,2.3736612999999998
COC(Oc1ccccc1)C(C)(C)c1ccc([N+](=O)[O-])cc1,1.83014155
COC(Br)C(c1ccccc1)c1ccccc1,2.1916264
COCOC(Cc1ccc([N+](=O)[O-])cc1)c1ccccc1,2.47398457
COC(C)C(C)(C#N)c1ccc(-c2ccccc2)cc1,1.84396423
CC(Oc1ccccc1)C(C#N)c1ccccc1,1.87433059
COCCc1ccc(C(=O)OC)cc1,2.38666768
CC(c1ccccc1)(c1ccc(C#N)cc1)C(Br)Oc1ccccc1,2.14928764
CCc1ccc(CC(C)OC)cc1,1.9614298
CCc1ccc(C(C)(C#N)C(C#N)OC)cc1,2.41521097
COCOC(C#N)C(c1ccccc1)(c1ccccc1)c1ccc(C#N)cc1,2.33300956
COCOC(Br)C(C#N)(C#N)c1ccc([N+](=O)[O-])cc1,3.22313029
COC(Oc1ccccc1)C(c1ccccc1)(c1ccccc1)c1ccc([N+](=O)[O-])cc1,1.94545753
COCC(c1ccccc1)c1ccc(C#N)cc1,2.29926916
COCOC(c1ccccc1)C(C)(C)c1ccc([N+](=O)[O-])cc1,2.40976897
COc1ccc(C(C#N)(C#N)C(C#N)OC)cc1,2.24294446
CCc1ccc(C(c2ccccc2)C(Br)OCOC)cc1,1.98221824
COC(=O)c1ccc(C(c2ccccc2)(c2ccccc2)C(Oc2ccccc2)c2ccccc2)cc1,1.86230377
CCc1ccc(C(C#N)(C#N)COc2ccccc2)cc1,2.07358942
COCOCC(C)(c1ccccc1)c1ccc(C#N)cc1,2.27469853
CCc1ccc(CC(C#N)Oc2ccccc2)cc1,2.07535807
COC(Br)C(C)(c1ccccc1)c1ccccc1,2.09726212
COCOCC(C#N)(C#N)c1ccc([N+](=O)[O-])cc1,3.13758205
COC(OC)C(C#N)c1ccc(-c2ccccc2)cc1,1.87079329
COC(OC)C(C)(C)c1ccccc1,2.16863395
COCOC(OC)C(C)(C#N)c1ccc(OC)cc1,1.83514819
COC(OC)C(c1ccccc1)(c1ccccc1)c1ccc(C#N)cc1,1.98768745
COCOCC(C)(C)c1ccc(C(=O)OC)cc1,2.52279931
COCOC(c1ccccc1)C(C)c1ccc(C#N)cc1,2.38751119
COC(OC)C(C)(C#N)c1ccc(-c2ccccc2)cc1,1.85354215
COC(=O)c1ccc(C(C)(c2ccccc2)C(Br)OC)cc1,2.25328426
CCc1ccc(C(C)C(Br)OC)cc1,2.03506006
CCc1ccc(C(C#N)C(C)Oc2ccccc2)cc1,1.86390916
COC(c1ccccc1)C(C#N)(C#N)c1ccccc1,2.6035858
COC(=O)c1ccc(C(C)C(OC)Oc2ccccc2)cc1,1.79259175
N#CC(Oc1ccccc1)C(c1ccccc1)c1ccc([N+](=O)[O-])cc1,2.13951925
N#Cc1ccc(C(C#N)(C#N)C(Oc2ccccc2)c2ccccc2)cc1,2.10044569
COCC(C)(C#N)c1ccc([N+](=O)[O-])cc1,3.09018223
COC(C#N)C(c1ccccc1)(c1ccccc1)c1ccc(-c2ccccc2)cc1,1.80785656
COC(c1ccccc1)C(c1ccccc1)(c1ccccc1)c1ccc(C#N)cc1,2.20555792
COC(c1ccccc1)C(C)(C#N)c1ccc(C#N)cc1,2.536105
CC(C)(c1ccccc1)C(C#N)Oc1ccccc1,2.07252823
COCOCCc1ccccc1,2.25605968
CC(c1ccc([N+](=O)[O-])cc1)C(Oc1ccccc1)c1ccccc1,1.80821029
COC(Oc1ccccc1)C(C#N)(c1ccccc1)c1ccc(C#N)cc1,2.00444881
COCC(C)(c1ccccc1)c1ccc(C(=O)OC)cc1,2.17491946
COCOC(C)C(C)(c1ccccc1)c1ccccc1,2.00752354
COCOC(OC)C(C)(C#N)c1ccccc1,2.51645938
COC(OC)C(C)(C#N)c1ccc(C#N)cc1,2.81239534
CC(C#N)(c1ccc(C#N)cc1)C(C#N)Oc1ccccc1,2.22732592
COC(=O)c1ccc(C(C)(C#N)C(OC)c2ccccc2)cc1,2.44644805
COCOC(c1ccccc1)C(C#N)(C#N)c1ccc(OC)cc1,2.10602374
COCOC(OC)C(C)c1ccc(C(=O)OC)cc1,2.45401243
CC(COc1ccccc1)(c1ccccc1)c1ccccc1,1.79425156
COC(=O)c1ccc(C(C#N)(c2ccccc2)C(C)OC)cc1,2.41779592
CCc1ccc(C(C#N)(c2ccccc2)C(OC)Oc2ccccc2)cc1,1.94763433
COCOC(C#N)C(C#N)c1ccc([N+](=O)[O-])cc1,3.34903096
CCc1ccc(C(C#N)(C#N)C(C)OC)cc1,2.52084019
CCc1ccc(C(C#N)(c2ccccc2)C(C#N)Oc2ccccc2)cc1,2.21206111
N#Cc1ccc(C(C#N)C(C#N)Oc2ccccc2)cc1,2.24269957
COCOCC(C#N)(C#N)c1ccc(C#N)cc1,3.17611141
COc1ccc(C(C#N)C(C#N)OC)cc1,1.96406917
N#CC(C#N)(COc1ccccc1)c1ccc([N+](=O)[O-])cc1,2.12439049
CC(C#N)(COc1ccccc1)c1ccc(C#N)cc1,1.9415665000000002
CCc1ccc(C(C)(C)COC)cc1,1.99076218
CC(C)(c1ccc(-c2ccccc2)cc1)C(C#N)Oc1ccccc1,1.81044151
CCc1ccc(C(C#N)(C#N)C(Oc2ccccc2)c2ccccc2)cc1,2.03331862
COCOC(Cc1ccc(C#N)cc1)OC,2.56372315
COCOC(c1ccccc1)C(c1ccccc1)c1ccccc1,2.11331602
COCOC(C#N)C(C)c1ccc(C(=O)OC)cc1,2.73111907
N#CC(C#N)(COc1ccccc1)c1ccc(-c2ccccc2)cc1,2.07105889
COC(C#N)C(C#N)(C#N)c1ccccc1,2.95489411
CCc1ccc(C(COC)c2ccccc2)cc1,1.9728580000000002
CCc1ccc(C(C)(C)COCOC)cc1,2.02572703
COCOC(c1ccccc1)C(C#N)(C#N)c1ccccc1,2.63743504
N#CC(COc1ccccc1)(c1ccccc1)c1ccccc1,1.93669591
CCc1ccc(C(C)(C#N)C(Oc2ccccc2)c2ccccc2)cc1,1.87430338
CC(C#N)(COc1ccccc1)c1ccc([N+](=O)[O-])cc1,1.96771531
COC(=O)c1ccc(C(C#N)(c2ccccc2)C(C#N)Oc2ccccc2)cc1,2.21652355
COC(C#N)C(C#N)c1ccc([N+](=O)[O-])cc1,3.31202536
COCOC(Br)C(C)(C)c1ccccc1,2.37406945
COCOC(OC)C(C)c1ccc([N+](=O)[O-])cc1,2.79971548
COC(C#N)C(C#N)(c1ccccc1)c1ccc(C#N)cc1,2.71362304
COC(c1ccccc1)C(C#N)(c1ccccc1)c1ccc(C#N)cc1,2.51746615
N#CC(c1ccc(-c2ccccc2)cc1)C(Br)Oc1ccccc1,1.98910237
COC(=O)c1ccc(C(C#N)(COc2ccccc2)c2ccccc2)cc1,1.96409638
COCOC(c1ccccc1)C(C)(c1ccccc1)c1ccc(C(=O)OC)cc1,2.1184315
N#Cc1ccc(CC(Oc2ccccc2)c2ccccc2)cc1,1.81795147
COC(Br)C(C#N)(c1ccccc1)c1ccc([N+](=O)[O-])cc1,2.63305423
CCc1ccc(C(C#N)(c2ccccc2)C(C#N)OC)cc1,2.28852121
COC(Oc1ccccc1)C(C#N)(C#N)c1ccc([N+](=O)[O-])cc1,2.15965465
CCc1ccc(C(C#N)(c2ccccc2)C(C)OCOC)cc1,2.11826824
COC(OC)C(C)c1ccccc1,2.28229012
CCc1ccc(C(C)(C#N)C(C)OCOC)cc1,2.22923062
COCOC(C)Cc1ccc(C#N)cc1,2.57294734
CC(Oc1ccccc1)C(C#N)c1ccc(-c2ccccc2)cc1,1.84635871
COC(=O)c1ccc(C(C#N)(C#N)C(OC)c2ccccc2)cc1,2.69471209
COC(C#N)C(C)(C#N)c1ccccc1,2.69958268
COCOC(OC)C(C#N)c1ccc(C(=O)OC)cc1,2.73669712
COCOC(C)C(C)(C#N)c1ccccc1,2.50007896
COC(C)C(C#N)(C#N)c1ccc(C#N)cc1,3.10822246
COCOC(Br)C(c1ccccc1)c1ccc([N+](=O)[O-])cc1,2.42802688
COCCc1ccc([N+](=O)[O-])cc1,2.57847097
N#CC(c1ccccc1)(c1ccc([N+](=O)[O-])cc1)C(Br)Oc1ccccc1,2.2593793
COCOC(C#N)C(C)c1ccc([N+](=O)[O-])cc1,2.90689567
N#CC(C#N)(c1ccc([N+](=O)[O-])cc1)C(Oc1ccccc1)c1ccccc1,2.1056428
COCOC(OC)C(C)(C#N)c1ccc(C(=O)OC)cc1,2.59153177
COCC(C#N)c1ccc([N+](=O)[O-])cc1,2.94150679
COC(=O)c1ccc(C(C#N)(c2ccccc2)C(C)Oc2ccccc2)cc1,1.90589419
N#CC(Oc1ccccc1)C(C#N)(C#N)c1ccc([N+](=O)[O-])cc1,2.36680438
O=[N+]([O-])c1ccc(C(COc2ccccc2)c2ccccc2)cc1,1.82189692
CC(C#N)(c1ccc(C#N)cc1)C(Br)Oc1ccccc1,2.20547629
COCOC(C#N)C(c1ccccc1)(c1ccccc1)c1ccccc1,2.15391334
N#CC(C#N)(c1ccccc1)C(Br)Oc1ccccc1,2.31077899
COC(c1ccccc1)C(C)(c1ccccc1)c1ccc([N+](=O)[O-])cc1,2.19685072
COC(c1ccccc1)C(C)(C)c1ccccc1,2.09383366
COCOC(OC)C(C#N)(c1ccccc1)c1ccc(C(=O)OC)cc1,2.5135207000000004
CC(c1ccccc1)(c1ccccc1)C(C#N)Oc1ccccc1,2.08790188
COC(=O)c1ccc(C(c2ccccc2)(c2ccccc2)C(OC)Oc2ccccc2)cc1,1.89925495
COCOCC(C#N)(C#N)c1ccc(OC)cc1,2.07658252
CCc1ccc(C(C#N)(c2ccccc2)C(OCOC)c2ccccc2)cc1,2.14656664
COCOC(C)C(C#N)c1ccc(C(=O)OC)cc1,2.7420847000000004
COC(OC)C(c1ccccc1)(c1ccccc1)c1ccc([N+](=O)[O-])cc1,2.09508532
COC(OC)C(C#N)(C#N)c1ccc(-c2ccccc2)cc1,2.01155062
CCc1ccc(C(C)(c2ccccc2)C(Br)Oc2ccccc2)cc1,2.02885618
CCc1ccc(C(C)(c2ccccc2)C(OC)c2ccccc2)cc1,1.84842667
COCOC(C#N)C(c1ccccc1)(c1ccccc1)c1ccc([N+](=O)[O-])cc1,2.21402023
N#CC(C#N)(c1ccccc1)C(Oc1ccccc1)c1ccccc1,2.05078744
CCc1ccc(C(C)COC)cc1,1.99457158
N#Cc1ccc(C(c2ccccc2)(c2ccccc2)C(Br)Oc2ccccc2)cc1,2.14139674
CC(c1ccccc1)(c1ccc([N+](=O)[O-])cc1)C(C#N)Oc1ccccc1,2.14204978
COCOC(C#N)C(C#N)(C#N)c1ccc(-c2ccccc2)cc1,2.11119364
CCc1ccc(C(COC)(c2ccccc2)c2ccccc2)cc1,1.90554046
COCOC(C#N)C(C#N)c1ccccc1,2.76268267
CCc1ccc(C(C#N)(C#N)C(C#N)OC)cc1,2.74673761
COC(c1ccccc1)C(C)(C#N)c1ccccc1,2.35861417
CC(C#N)(c1ccc(-c2ccccc2)cc1)C(Br)Oc1ccccc1,1.92785266
COCOC(C)Cc1ccc(C(=O)OC)cc1,2.43893809
N#Cc1ccc(CCOc2ccccc2)cc1,1.80929869
COC(C#N)Cc1ccc(C#N)cc1,2.92436449
COC(C#N)C(C)(C#N)c1ccc(-c2ccccc2)cc1,1.94192023
CCc1ccc(C(COc2ccccc2)(c2ccccc2)c2ccccc2)cc1,1.82287648
CCc1ccc(C(c2ccccc2)C(OCOC)c2ccccc2)cc1,1.92208414
CCc1ccc(C(C)(C#N)C(OC)Oc2ccccc2)cc1,1.92309091
COc1ccc(C(C#N)(C#N)C(Oc2ccccc2)c2ccccc2)cc1,1.99778236
COCOC(c1ccccc1)C(C)(c1ccccc1)c1ccc(C#N)cc1,2.22498586
COCOC(c1ccccc1)C(C)(C#N)c1ccc(C(=O)OC)cc1,2.54870323
CCc1ccc(C(C)C(Br)OCOC)cc1,2.04681478
COC(C)C(c1ccccc1)(c1ccccc1)c1ccc([N+](=O)[O-])cc1,1.99892518
COC(Br)C(C)(C#N)c1ccccc1,2.487127
COCC(c1ccccc1)c1ccccc1,2.05598455
COCOC(Br)C(C)(c1ccccc1)c1ccc(C(=O)OC)cc1,2.30775868
CCc1ccc(C(C#N)(C#N)C(Br)OC)cc1,2.64788368
c1ccc(CC(Oc2ccccc2)c2ccccc2)cc1,1.78461922
N#CC(c1ccccc1)(c1ccccc1)C(Oc1ccccc1)c1ccccc1,1.9704091000000001
CC(COc1ccccc1)c1ccc(C#N)cc1,1.78486411
COCOC(c1ccccc1)C(C)(C#N)c1ccc(C#N)cc1,2.43281584
CC(c1ccccc1)(c1ccc([N+](=O)[O-])cc1)C(Oc1ccccc1)c1ccccc1,1.85623594
COCOC(c1ccccc1)C(c1ccccc1)(c1ccccc1)c1ccccc1,1.94532148
N#CC(Oc1ccccc1)C(C#N)(c1ccccc1)c1ccc(-c2ccccc2)cc1,1.98874864
CC(C)(c1ccc([N+](=O)[O-])cc1)C(C#N)Oc1ccccc1,2.11630912
CCc1ccc(C(COc2ccccc2)c2ccccc2)cc1,1.78948981
CCc1ccc(C(C#N)(c2ccccc2)C(OC)OCOC)cc1,2.16177703
CC(C#N)(c1ccc(-c2ccccc2)cc1)C(C#N)Oc1ccccc1,1.97759254
COC(C)C(c1ccccc1)c1ccc([N+](=O)[O-])cc1,2.32596217
N#Cc1ccc(C(C#N)(C#N)C(C#N)Oc2ccccc2)cc1,2.34993418
COc1ccc(C(C#N)C(C)OC)cc1,1.83305302
CC(Oc1ccccc1)C(C#N)(C#N)c1ccc(-c2ccccc2)cc1,1.99884355
CCc1ccc(CC(OC)c2ccccc2)cc1,1.98798676
COC(C#N)C(C)c1ccc(C#N)cc1,2.83552384
COCOC(C)C(c1ccccc1)c1ccc(C#N)cc1,2.26231798
COCOC(C)C(C)(C#N)c1ccc(OC)cc1,1.81460464
N#CC(Cc1ccccc1)Oc1ccccc1,2.07024259
COCOC(C)C(C)(C#N)c1ccc(C#N)cc1,2.81462656
COC(C)C(c1ccccc1)c1ccccc1,2.04471961
COCOC(c1ccccc1)C(C#N)(c1ccccc1)c1ccccc1,2.26288939
COC(C#N)C(C)(C)c1ccc([N+](=O)[O-])cc1,3.04319056
COCOC(C#N)C(C)(C)c1ccc(-c2ccccc2)cc1,1.7968093
COCC(c1ccccc1)c1ccc(C(=O)OC)cc1,2.21072782
COC(Oc1ccccc1)C(C)(C#N)c1ccccc1,1.88480644
COCC(c1ccccc1)(c1ccccc1)c1ccc([N+](=O)[O-])cc1,2.12501632
COC(Br)C(C)(C)c1ccccc1,2.39575582
COCOCCc1ccc([N+](=O)[O-])cc1,2.69947384
COCOC(OC)C(C#N)(c1ccccc1)c1ccc(-c2ccccc2)cc1,1.89797608
CC(C)(COc1ccccc1)c1ccc(C#N)cc1,1.7881021000000001
COCOC(C#N)C(C)c1ccc(-c2ccccc2)cc1,1.82908036
COC(c1ccccc1)C(C)(C)c1ccc(C#N)cc1,2.3178807999999997
COC(=O)c1ccc(C(C)C(OC)c2ccccc2)cc1,2.27780047
COC(c1ccccc1)C(C)(c1ccccc1)c1ccccc1,2.00529232
COC(c1ccccc1)C(C)(C#N)c1ccc([N+](=O)[O-])cc1,2.49860962
COC(Br)C(C#N)(C#N)c1ccc(C#N)cc1,3.10250836
CCc1ccc(C(c2ccccc2)C(OC)OC)cc1,1.89960868
CCc1ccc(C(C)(C)C(C)OC)cc1,1.84845388
COCOC(c1ccccc1)C(C#N)(C#N)c1ccc(C#N)cc1,2.71095646
COC(C#N)Cc1ccccc1,2.52288094
COCC(C)c1ccc(C(=O)OC)cc1,2.37115798
COc1ccc(C(C)(C#N)C(OC)Oc2ccccc2)cc1,1.80570697
COCOC(Br)C(C#N)c1ccc(C(=O)OC)cc1,2.74632946
COCOCC(C#N)c1ccc(-c2ccccc2)cc1,1.85362378
CC(c1ccccc1)(c1ccccc1)C(Oc1ccccc1)c1ccccc1,1.80538045
CCc1ccc(C(C#N)(c2ccccc2)C(Oc2ccccc2)c2ccccc2)cc1,1.94937577
COCOC(OC)C(C)c1ccccc1,2.23728478
COC(=O)c1ccc(C(C)(C)C(C)OC)cc1,2.41959178
COCOC(c1ccccc1)C(C#N)(c1ccccc1)c1ccc(C(=O)OC)cc1,2.3548864
CCc1ccc(C(C)(COc2ccccc2)c2ccccc2)cc1,1.79022448
CCc1ccc(C(C#N)C(OC)c2ccccc2)cc1,2.29088848
CC(c1ccccc1)C(C#N)Oc1ccccc1,2.08572508
COC(=O)c1ccc(C(C)(C)C(Br)OC)cc1,2.37055936
COC(=O)c1ccc(C(C)(C)C(Oc2ccccc2)c2ccccc2)cc1,1.80546208
COC(Oc1ccccc1)C(C)(C#N)c1ccc(-c2ccccc2)cc1,1.87473874
N#Cc1ccc(C(C#N)(C#N)C(Br)Oc2ccccc2)cc1,2.34114535
COCOC(C#N)C(C#N)(C#N)c1ccc([N+](=O)[O-])cc1,3.52902511
CC(C#N)(c1ccc([N+](=O)[O-])cc1)C(C#N)Oc1ccccc1,2.21728543
COCOCC(C)(c1ccccc1)c1ccccc1,2.06964397
COc1ccc(C(C#N)(c2ccccc2)C(Br)OC)cc1,1.92151273
COC(Br)C(C)c1ccc([N+](=O)[O-])cc1,2.60219809
COCOC(C#N)C(C)(c1ccccc1)c1ccc([N+](=O)[O-])cc1,2.50010617
COCOCC(C)(C#N)c1ccc(OC)cc1,1.83128437
CCc1ccc(C(C#N)C(OCOC)c2ccccc2)cc1,2.23287676
COCOC(Br)C(C)(C)c1ccc([N+](=O)[O-])cc1,2.97492067
COCOC(c1ccccc1)C(C#N)(c1ccccc1)c1ccc(OC)cc1,1.81082245
COCC(c1ccccc1)c1ccc([N+](=O)[O-])cc1,2.33970322
N#Cc1ccc(CC(C#N)Oc2ccccc2)cc1,2.12030899
COCOC(c1ccccc1)C(C#N)(C#N)c1ccc([N+](=O)[O-])cc1,2.74213912
CCc1ccc(C(c2ccccc2)C(C)OC)cc1,1.85620873
COc1ccc(C(C#N)(c2ccccc2)C(OC)Oc2ccccc2)cc1,1.84453564
COC(C#N)C(C#N)(C#N)c1ccc(-c2ccccc2)cc1,2.14332865
CC(Oc1ccccc1)C(c1ccccc1)(c1ccccc1)c1ccc([N+](=O)[O-])cc1,1.80070033
CCc1ccc(C(C#N)(c2ccccc2)C(C)OC)cc1,2.09573836
COC(=O)c1ccc(C(c2ccccc2)C(Br)OC)cc1,2.31075178
COCOC(OC)C(C)(C)c1ccc(C(=O)OC)cc1,2.40010942
CCc1ccc(C(C#N)(C#N)C(OC)c2ccccc2)cc1,2.48029729
COCOC(Br)C(C)(c1ccccc1)c1ccc([N+](=O)[O-])cc1,2.31711892
COC(=O)c1ccc(C(C#N)(C#N)C(C#N)OC)cc1,3.21140278
COCOC(OC)C(C)(C#N)c1ccc(C#N)cc1,2.61607519
COC(Oc1ccccc1)C(c1ccccc1)c1ccc([N+](=O)[O-])cc1,1.866739
COC(Br)C(C#N)c1ccc(C#N)cc1,2.8884745
COC(=O)c1ccc(C(C#N)C(OC)OC)cc1,2.73911881
COCOC(C)C(C#N)(c1ccccc1)c1ccc([N+](=O)[O-])cc1,2.52435028
COCOC(c1ccccc1)C(c1ccccc1)c1ccc(C#N)cc1,2.28152824
COc1ccc(C(C#N)C(Br)Oc2ccccc2)cc1,1.97702113
COCC(C#N)(c1ccccc1)c1ccc(C#N)cc1,2.56396804
COCOC(C#N)C(C#N)c1ccc(-c2ccccc2)cc1,1.99563277
COCOC(c1ccccc1)C(C)(c1ccccc1)c1ccc([N+](=O)[O-])cc1,2.23222372
COC(=O)c1ccc(C(c2ccccc2)(c2ccccc2)C(OC)OC)cc1,2.12561494
CC(c1ccc(-c2ccccc2)cc1)C(C#N)Oc1ccccc1,1.83438631
COC(=O)c1ccc(C(C)(C#N)C(Oc2ccccc2)c2ccccc2)cc1,1.93348513
CCc1ccc(C(C#N)(C#N)C(OC)Oc2ccccc2)cc1,2.11766962
COC(=O)c1ccc(C(c2ccccc2)(c2ccccc2)C(C)OC)cc1,2.06594341
COCOC(c1ccccc1)C(C#N)c1ccc([N+](=O)[O-])cc1,2.48511346
CC(c1ccc(C#N)cc1)C(Br)Oc1ccccc1,2.12313883
COCOC(C#N)C(C#N)(c1ccccc1)c1ccc([N+](=O)[O-])cc1,2.7709273
N#Cc1ccc(C(C#N)(c2ccccc2)C(Oc2ccccc2)c2ccccc2)cc1,1.96643644
CCc1ccc(CC(C)OCOC)cc1,2.00004079
COC(=O)c1ccc(C(C#N)(c2ccccc2)C(Br)Oc2ccccc2)cc1,2.23431889
COC(=O)c1ccc(C(C#N)(C#N)C(C)OC)cc1,2.95124797
O=[N+]([O-])c1ccc(CC(Br)Oc2ccccc2)cc1,2.14324702
COC(=O)c1ccc(CC(C#N)Oc2ccccc2)cc1,2.11274461
COCOC(OC)C(c1ccccc1)(c1ccccc1)c1ccc(C(=O)OC)cc1,2.16019885
COCC(C)(C)c1ccccc1,2.23230535
COC(c1ccccc1)C(C#N)(c1ccccc1)c1ccccc1,2.31211228
COCC(C)c1ccc([N+](=O)[O-])cc1,2.57678395
COCOC(C#N)C(c1ccccc1)c1ccccc1,2.22882247
CCc1ccc(C(C#N)COCOC)cc1,2.29031707
COC(C#N)C(C#N)(c1ccccc1)c1ccc([N+](=O)[O-])cc1,2.79824614
CCc1ccc(C(C#N)(C#N)C(C#N)Oc2ccccc2)cc1,2.31562237
COCOC(Br)Cc1ccc(C(=O)OC)cc1,2.47229755
COCC(C#N)c1ccc(-c2ccccc2)cc1,1.89958147
COCOCC(C#N)c1ccc(C(=O)OC)cc1,2.81974204
CCc1ccc(C(C#N)(c2ccccc2)C(OC)c2ccccc2)cc1,2.14770946
COCCc1ccc(C#N)cc1,2.75011165
COC(c1ccccc1)C(C#N)(c1ccccc1)c1ccc(-c2ccccc2)cc1,1.8525898
COc1ccc(C(C)(C#N)C(OC)c2ccccc2)cc1,1.78731301
COCOC(c1ccccc1)C(C)c1ccc([N+](=O)[O-])cc1,2.39423206
CCc1ccc(C(c2ccccc2)(c2ccccc2)C(OC)OCOC)cc1,1.88009911
COC(Oc1ccccc1)C(C)(c1ccccc1)c1ccccc1,1.83740662
COCOCC(C)(C#N)c1ccc([N+](=O)[O-])cc1,2.96934262
COC(OC)C(C)(c1ccccc1)c1ccccc1,2.03720965
CCc1ccc(CC(Br)OCOC)cc1,2.0621068
COC(OC)C(C)(c1ccccc1)c1ccc(C#N)cc1,2.22593821
COC(Br)C(C)(c1ccccc1)c1ccc(C#N)cc1,2.21608819
COC(=O)c1ccc(C(C)(C#N)C(C)OC)cc1,2.6079394000000002
COC(c1ccccc1)C(C)c1ccc([N+](=O)[O-])cc1,2.37183823
CC(Oc1ccccc1)C(C#N)(c1ccccc1)c1ccc([N+](=O)[O-])cc1,1.94148487
COC(Br)Cc1ccc(C#N)cc1,2.89892314
COC(=O)c1ccc(C(COc2ccccc2)(c2ccccc2)c2ccccc2)cc1,1.82382883
COC(Br)C(C#N)c1ccc(-c2ccccc2)cc1,1.9274173
CCc1ccc(C(C#N)(C#N)C(Br)Oc2ccccc2)cc1,2.33752642
CCc1ccc(C(C)(C#N)C(C#N)Oc2ccccc2)cc1,2.17543645
COC(OC)C(c1ccccc1)c1ccc(C#N)cc1,2.29143268
COCOC(Br)C(C#N)(C#N)c1ccc(-c2ccccc2)cc1,2.12205043
CCc1ccc(C(c2ccccc2)C(Br)OC)cc1,1.9916328999999997
COc1ccc(C(C#N)(c2ccccc2)C(C)OC)cc1,1.79052379
CCc1ccc(C(c2ccccc2)(c2ccccc2)C(C)OC)cc1,1.90344529
CCc1ccc(C(C)(C#N)C(OC)c2ccccc2)cc1,2.09133034
COC(OC)C(C#N)(C#N)c1ccc(C#N)cc1,3.04923118
COCOC(Br)Cc1ccc([N+](=O)[O-])cc1,2.47477366
CCc1ccc(C(c2ccccc2)C(Br)Oc2ccccc2)cc1,1.96926628
COC(=O)c1ccc(C(c2ccccc2)C(OC)c2ccccc2)cc1,2.15614456
COCOC(c1ccccc1)C(C)(c1ccccc1)c1ccccc1,2.0101357
CCc1ccc(C(c2ccccc2)(c2ccccc2)C(Oc2ccccc2)c2ccccc2)cc1,1.78108192
CCc1ccc(C(C#N)(COCOC)c2ccccc2)cc1,2.22637357
COCC(C)(C)c1ccc(C(=O)OC)cc1,2.49675934
COCOC(c1ccccc1)C(C)(C)c1ccc(C#N)cc1,2.32846549
CCc1ccc(C(C)C(Br)Oc2ccccc2)cc1,2.02624402
COC(=O)c1ccc(C(C#N)C(C)Oc2ccccc2)cc1,1.89541834
CC(c1ccccc1)(c1ccc([N+](=O)[O-])cc1)C(Br)Oc1ccccc1,2.15004952
COC(Br)C(C#N)(C#N)c1ccc([N+](=O)[O-])cc1,3.18187993
COc1ccc(C(C#N)C(OC)OC)cc1,1.83430468
COC(=O)c1ccc(CC(Oc2ccccc2)c2ccccc2)cc1,1.81416928
CC(Oc1ccccc1)C(C#N)(C#N)c1ccc(C#N)cc1,2.0368015
BrC(Oc1ccccc1)C(c1ccccc1)c1ccc(-c2ccccc2)cc1,1.79876842
CC(C#N)(c1ccccc1)C(Br)Oc1ccccc1,2.17783093
COCOC(OC)C(C#N)(C#N)c1ccccc1,2.74178539
COC(C)C(C#N)(c1ccccc1)c1ccc([N+](=O)[O-])cc1,2.55273031
N#CC(c1ccc([N+](=O)[O-])cc1)C(Oc1ccccc1)c1ccccc1,1.98815002
COC(=O)c1ccc(C(C)(C#N)COc2ccccc2)cc1,1.91832916
COC(Oc1ccccc1)C(C#N)c1ccc(C#N)cc1,1.98330664
CCc1ccc(C(C)(C)C(Br)Oc2ccccc2)cc1,2.05927696
COC(=O)c1ccc(C(C)(C#N)C(C#N)Oc2ccccc2)cc1,2.19965335
COCC(C)(C)c1ccc([N+](=O)[O-])cc1,2.44701946
COc1ccc(C(C)(C#N)C(C#N)OC)cc1,1.94104951
COc1ccc(C(C#N)(C#N)C(OC)OC)cc1,2.06398429
COC(=O)c1ccc(C(C)(c2ccccc2)C(OC)Oc2ccccc2)cc1,1.83011434
COCOC(C#N)Cc1ccccc1,2.51093575
COCCc1ccccc1,2.18885098
COCOC(OC)C(C)(C#N)c1ccc([N+](=O)[O-])cc1,3.00697405
COC(Oc1ccccc1)C(C)(C#N)c1ccc(C#N)cc1,1.96262704
COCOC(Br)C(c1ccccc1)(c1ccccc1)c1ccc(-c2ccccc2)cc1,1.79860516
COCOC(c1ccccc1)C(C)(C#N)c1ccc(-c2ccccc2)cc1,1.8719089
BrC(Cc1ccc(-c2ccccc2)cc1)Oc1ccccc1,1.82597842
CCc1ccc(CC(OC)OCOC)cc1,2.10145246
CCc1ccc(C(c2ccccc2)(c2ccccc2)C(C)OCOC)cc1,1.94159371
COC(OC)C(C#N)c1ccc(C#N)cc1,2.80790569
CCc1ccc(C(C)(c2ccccc2)C(C#N)OC)cc1,2.03247511
O=[N+]([O-])c1ccc(C(c2ccccc2)C(Oc2ccccc2)c2ccccc2)cc1,1.89008518
CCc1ccc(C(C#N)(C#N)COC)cc1,2.61955807
COC(=O)c1ccc(C(c2ccccc2)C(C)OC)cc1,2.16243007
COCOC(c1ccccc1)C(C#N)(c1ccccc1)c1ccc(C#N)cc1,2.43654361
CC(Oc1ccccc1)C(C)(c1ccccc1)c1ccc([N+](=O)[O-])cc1,1.79373457
N#Cc1ccc(C(COc2ccccc2)(c2ccccc2)c2ccccc2)cc1,1.87920118
COCOCC(C)(C#N)c1ccc(C#N)cc1,2.86999891
COCOCC(C#N)c1ccc(C#N)cc1,2.86303315
CCc1ccc(C(c2ccccc2)(c2ccccc2)C(Br)OCOC)cc1,1.85218165
COC(=O)c1ccc(C(C)(COc2ccccc2)c2ccccc2)cc1,1.81637329
COCOC(C#N)C(C#N)(c1ccccc1)c1ccc(OC)cc1,1.95805576
COC(Br)C(c1ccccc1)(c1ccccc1)c1ccc([N+](=O)[O-])cc1,2.22582937
CCc1ccc(C(C)(c2ccccc2)C(OC)OCOC)cc1,1.88320105
COCC(C#N)(c1ccccc1)c1ccc(OC)cc1,1.82750218
COCOCC(C#N)(c1ccccc1)c1ccc(C(=O)OC)cc1,2.53305748
COCOC(Br)C(C#N)(c1ccccc1)c1ccc(C(=O)OC)cc1,2.50309927
CCc1ccc(C(COCOC)(c2ccccc2)c2ccccc2)cc1,1.92303649
COCOC(Br)C(C#N)(C#N)c1ccc(C(=O)OC)cc1,2.9309221
COC(OC)C(C#N)(C#N)c1ccccc1,2.73071092
COCOC(C#N)C(C)(C)c1ccccc1,2.44840717
COC(C#N)C(C)(c1ccccc1)c1ccc([N+](=O)[O-])cc1,2.46554947
COC(C)Cc1ccc([N+](=O)[O-])cc1,2.48394343
COCOC(C)C(C#N)(c1ccccc1)c1ccc(-c2ccccc2)cc1,1.82804638
COC(C#N)Cc1ccc(-c2ccccc2)cc1,1.83142042
COc1ccc(C(C#N)(C#N)C(C)Oc2ccccc2)cc1,1.98578275
COC(=O)c1ccc(C(C)(C)COc2ccccc2)cc1,1.79221081
N#CC(c1ccccc1)(c1ccccc1)C(Br)Oc1ccccc1,2.21565283
COCC(C#N)(c1ccccc1)c1ccc(-c2ccccc2)cc1,1.89754072
COCOC(C#N)C(C#N)(c1ccccc1)c1ccc(-c2ccccc2)cc1,1.93351234
CC(C#N)(COc1ccccc1)c1ccccc1,1.91487349
CCc1ccc(C(C#N)(C#N)C(C)Oc2ccccc2)cc1,2.01481582
COC(OC)C(C)(c1ccccc1)c1ccc([N+](=O)[O-])cc1,2.25578758
COc1ccc(C(C#N)(C#N)C(C#N)Oc2ccccc2)cc1,2.18370829
COCOC(Br)C(C#N)c1ccc(OC)cc1,1.93645102
COCOC(C#N)C(C#N)(C#N)c1ccc(OC)cc1,2.16400825
COCC(C#N)(C#N)c1ccc(-c2ccccc2)cc1,2.10139804
COC(Oc1ccccc1)C(C#N)c1ccc([N+](=O)[O-])cc1,1.99476205
COCOC(C#N)C(C#N)c1ccc(C#N)cc1,3.11665756
CCc1ccc(C(C#N)(c2ccccc2)C(Br)OC)cc1,2.26484851
N#CC(Oc1ccccc1)C(C#N)c1ccccc1,2.2090408
CCc1ccc(C(C)(C#N)C(Br)OCOC)cc1,2.41872106
COC(c1ccccc1)C(c1ccccc1)(c1ccccc1)c1ccccc1,1.94140324
COCC(C#N)c1ccc(OC)cc1,1.85925625
COC(=O)c1ccc(C(C)COc2ccccc2)cc1,1.79419714
COC(C#N)C(C#N)(c1ccccc1)c1ccccc1,2.48081428
COCC(C#N)c1ccc(C(=O)OC)cc1,2.71947319
COCOC(OC)C(C)(c1ccccc1)c1ccccc1,2.02746847
c1ccc(OC(c2ccccc2)C(c2ccccc2)(c2ccccc2)c2ccccc2)cc1,1.81784263
CCc1ccc(C(C)(C)C(OC)c2ccccc2)cc1,1.99002751
COC(C)C(C)(C)c1ccccc1,1.87487479
CCc1ccc(C(C#N)C(Br)Oc2ccccc2)cc1,2.17796698
COCOC(Br)C(C#N)(C#N)c1ccc(OC)cc1,2.13108415
COC(Cc1ccccc1)Oc1ccccc1,1.79033332
COc1ccc(C(C#N)(COc2ccccc2)c2ccccc2)cc1,1.8218425
COC(c1ccccc1)C(C#N)(c1ccccc1)c1ccc([N+](=O)[O-])cc1,2.46171286
COC(Br)C(C#N)(c1ccccc1)c1ccccc1,2.43047578
CC(Oc1ccccc1)C(C)(C#N)c1ccccc1,1.84690291
COCOC(Br)C(C#N)c1ccccc1,2.64040093
COCOC(Br)C(c1ccccc1)c1ccc(C(=O)OC)cc1,2.26656274
COCOC(C)C(C)(C)c1ccccc1,2.17407595
COCOC(C)C(C#N)c1ccc(C#N)cc1,2.82034066
COC(Oc1ccccc1)C(c1ccccc1)(c1ccccc1)c1ccc(C#N)cc1,1.83781477
COCOCC(c1ccccc1)(c1ccccc1)c1ccc(C(=O)OC)cc1,2.09320783
COCOC(c1ccccc1)C(C)(C#N)c1ccc([N+](=O)[O-])cc1,2.43689734
COCOC(c1ccccc1)C(C)c1ccccc1,2.1450972999999998
COCOC(OC)C(c1ccccc1)(c1ccccc1)c1ccc([N+](=O)[O-])cc1,2.13361468
COCOCC(C)c1ccc(C#N)cc1,2.52734338
COCOCCc1ccc(C#N)cc1,2.60018455
N#CC(COc1ccccc1)c1ccc([N+](=O)[O-])cc1,1.97734765
COCOC(Br)C(C#N)c1ccc(-c2ccccc2)cc1,1.95827344
COC(=O)c1ccc(C(C#N)COc2ccccc2)cc1,1.94613778
CC(C#N)(c1ccc([N+](=O)[O-])cc1)C(Br)Oc1ccccc1,2.25380125
COC(Br)C(c1ccccc1)c1ccc(C#N)cc1,2.33858761
COCOC(C)C(C#N)(c1ccccc1)c1ccc(C#N)cc1,2.50568422
COC(=O)c1ccc(C(C#N)C(OC)c2ccccc2)cc1,2.48372575
CC(Oc1ccccc1)C(c1ccccc1)(c1ccccc1)c1ccccc1,1.7821159
COC(Cc1ccccc1)c1ccccc1,2.20727215
COC(=O)c1ccc(C(C#N)(C#N)COc2ccccc2)cc1,2.06262379
COCOC(C#N)Cc1ccc(C#N)cc1,2.90618821
COC(OC)C(C#N)(c1ccccc1)c1ccc(C#N)cc1,2.45371312
N#CC(C#N)(c1ccc(-c2ccccc2)cc1)C(Br)Oc1ccccc1,2.0520391
COC(=O)c1ccc(C(c2ccccc2)(c2ccccc2)C(Br)OC)cc1,2.08384759
COC(c1ccccc1)C(C)(C)c1ccc([N+](=O)[O-])cc1,2.34895462
COCC(C#N)c1ccccc1,2.52214627
COc1ccc(CC(C#N)OC)cc1,1.78241521
CC(COc1ccccc1)(c1ccccc1)c1ccc(C#N)cc1,1.83422305
COCOC(OC)C(C)(c1ccccc1)c1ccc(C(=O)OC)cc1,2.19448345
N#CC(Oc1ccccc1)C(C#N)(C#N)c1ccc(-c2ccccc2)cc1,2.15421265
COCOCC(C)(C#N)c1ccccc1,2.55520642
COC(C)C(C)c1ccc([N+](=O)[O-])cc1,2.7222214
N#Cc1ccc(C(C#N)COc2ccccc2)cc1,1.97125261
CCc1ccc(C(c2ccccc2)C(C)OCOC)cc1,1.91574421
CCc1ccc(CC(Br)OC)cc1,2.08820119
COCOC(Br)C(c1ccccc1)(c1ccccc1)c1ccc([N+](=O)[O-])cc1,2.29173199
COCOC(Br)C(C#N)(c1ccccc1)c1ccc(OC)cc1,1.8874186000000002
COc1ccc(C(C#N)(c2ccccc2)C(C#N)Oc2ccccc2)cc1,1.9742185
COC(=O)c1ccc(CC(OC)OC)cc1,2.45711437
N#CC(c1ccccc1)(c1ccc(-c2ccccc2)cc1)C(Oc1ccccc1)c1ccccc1,1.8651064
CC(c1ccccc1)(c1ccccc1)C(Br)Oc1ccccc1,2.09116708
COCOC(OC)C(C#N)c1ccc(OC)cc1,1.90404391
COCOC(C#N)Cc1ccc([N+](=O)[O-])cc1,3.15094216
COC(=O)c1ccc(C(c2ccccc2)(c2ccccc2)C(OC)c2ccccc2)cc1,2.08335781
COC(C)C(c1ccccc1)(c1ccccc1)c1ccccc1,1.9353082
COC(OC)C(C#N)(c1ccccc1)c1ccc([N+](=O)[O-])cc1,2.58023962
CCc1ccc(C(C#N)C(C#N)OC)cc1,2.45776741
COC(Oc1ccccc1)C(C#N)c1ccc(-c2ccccc2)cc1,1.92026107
COCOC(C)C(C)(c1ccccc1)c1ccc(C#N)cc1,2.2465906
COCOC(C#N)C(c1ccccc1)c1ccc(C#N)cc1,2.46315499
COCOC(c1ccccc1)C(C#N)c1ccc(OC)cc1,1.87335103
COCOC(c1ccccc1)C(c1ccccc1)(c1ccccc1)c1ccc(C(=O)OC)cc1,2.10262249
COCOC(C)C(c1ccccc1)(c1ccccc1)c1ccc(C(=O)OC)cc1,2.08433737
N#CC(c1ccccc1)C(Oc1ccccc1)c1ccccc1,1.89520066
CCc1ccc(C(c2ccccc2)(c2ccccc2)C(Br)OC)cc1,2.01642121
COCOC(c1ccccc1)C(C#N)c1ccc(C(=O)OC)cc1,2.56034911
COC(Oc1ccccc1)C(C)c1ccc([N+](=O)[O-])cc1,1.82284927
N#Cc1ccc(C(C#N)(C#N)COc2ccccc2)cc1,2.09135755
CC(c1ccc(C#N)cc1)C(C#N)Oc1ccccc1,2.10722098
COC(C#N)C(C#N)(C#N)c1ccc([N+](=O)[O-])cc1,3.51196444
COCOCC(c1ccccc1)c1ccc(C(=O)OC)cc1,2.27377339
COCOC(OC)C(c1ccccc1)c1ccc(C#N)cc1,2.28892936
CCc1ccc(C(C#N)(COc2ccccc2)c2ccccc2)cc1,1.93794757
CC(C)(c1ccc(-c2ccccc2)cc1)C(Br)Oc1ccccc1,1.79251012
COCOC(C)C(C)(C#N)c1ccc([N+](=O)[O-])cc1,2.83737412
CCc1ccc(C(C#N)(C#N)C(OC)OCOC)cc1,2.47684162
COCOC(Br)C(C)(C#N)c1ccc(C(=O)OC)cc1,2.70369139
COCOC(OC)C(C)(C)c1ccccc1,2.2577467
CCc1ccc(C(C)(C#N)C(Br)OC)cc1,2.24144791
CCc1ccc(C(C)(c2ccccc2)C(OC)Oc2ccccc2)cc1,1.79533996
COC(=O)c1ccc(C(C#N)(c2ccccc2)C(OC)Oc2ccccc2)cc1,1.97704834
COCOC(OC)C(c1ccccc1)(c1ccccc1)c1ccccc1,1.94714455
COCOCC(C#N)(c1ccccc1)c1ccc(OC)cc1,1.82203297
COc1ccc(C(C#N)C(OC)Oc2ccccc2)cc1,1.83005992
COC(Oc1ccccc1)C(C)(c1ccccc1)c1ccc(C#N)cc1,1.84744711
CCc1ccc(C(C#N)C(C#N)Oc2ccccc2)cc1,2.2063197999999997
COC(=O)c1ccc(C(C)(c2ccccc2)C(Oc2ccccc2)c2ccccc2)cc1,1.83139321
CC(C)(c1ccc([N+](=O)[O-])cc1)C(Br)Oc1ccccc1,2.12444491
COC(c1ccccc1)C(C#N)(C#N)c1ccc(C#N)cc1,2.66486272
COCOC(C)C(C#N)(c1ccccc1)c1ccc(C(=O)OC)cc1,2.38683094
COCOC(C)C(C#N)c1ccc(OC)cc1,1.88118751
CCc1ccc(CC(Br)Oc2ccccc2)cc1,2.08621486
N#CC(c1ccc([N+](=O)[O-])cc1)C(Br)Oc1ccccc1,2.26313428
COC(=O)c1ccc(C(C)(C#N)C(OC)Oc2ccccc2)cc1,1.99919728
COCOC(C#N)C(C)c1ccc(C#N)cc1,2.81944273
CCc1ccc(C(C#N)C(C)OC)cc1,2.23396516
COc1ccc(C(C#N)(c2ccccc2)C(Oc2ccccc2)c2ccccc2)cc1,1.82442745
COCOC(C#N)C(c1ccccc1)c1ccc(C(=O)OC)cc1,2.38525276
N#CC(Oc1ccccc1)C(C#N)c1ccc([N+](=O)[O-])cc1,2.22308116
CC(C#N)(c1ccccc1)C(C#N)Oc1ccccc1,2.18991217
COCOC(Br)C(C)c1ccccc1,2.24694433
COCOC(C)C(c1ccccc1)c1ccc([N+](=O)[O-])cc1,2.37085867
CC(C#N)(c1ccc(C#N)cc1)C(Oc1ccccc1)c1ccccc1,1.95125326
CCc1ccc(C(C)(C)C(OC)OC)cc1,1.94885878
COC(Br)C(C)(c1ccccc1)c1ccc([N+](=O)[O-])cc1,2.41708846
COC(C#N)C(C)(C)c1ccc(C#N)cc1,2.80638193
COCOC(Cc1ccc(C#N)cc1)c1ccccc1,2.38623232
O=[N+]([O-])c1ccc(C(c2ccccc2)(c2ccccc2)C(Br)Oc2ccccc2)cc1,2.15464801
COc1ccc(C(C)(C#N)C(Br)OC)cc1,1.85648083
COCOC(OC)C(C#N)c1ccc([N+](=O)[O-])cc1,3.00406258
CC(COc1ccccc1)(c1ccccc1)c1ccc([N+](=O)[O-])cc1,1.83656311
N#CC(COc1ccccc1)(c1ccccc1)c1ccc(-c2ccccc2)cc1,1.88535064
COCOC(OC)C(C#N)c1ccc(C#N)cc1,2.91094996
COC(=O)c1ccc(C(C#N)(C#N)C(C#N)Oc2ccccc2)cc1,2.37972913
COCOC(c1ccccc1)C(C#N)(C#N)c1ccc(C(=O)OC)cc1,2.69223598
CC(c1ccc([N+](=O)[O-])cc1)C(Br)Oc1ccccc1,2.11834987
COCOC(C#N)C(C)(C)c1ccc([N+](=O)[O-])cc1,2.99823964
COCOC(Br)C(C)(c1ccccc1)c1ccc(C#N)cc1,2.31238438
COCC(C)(C#N)c1ccc(C(=O)OC)cc1,2.67863098
CC(Oc1ccccc1)C(C#N)c1ccc([N+](=O)[O-])cc1,1.9086424
COCOC(C)C(C)c1ccc(C#N)cc1,1.91158108
COCOC(Br)Cc1ccccc1,2.39439532
COCOC(Br)C(C)c1ccc(C#N)cc1,2.56927399
COC(C#N)C(c1ccccc1)(c1ccccc1)c1ccc(C#N)cc1,2.3219623
COCOC(C#N)C(c1ccccc1)c1ccc([N+](=O)[O-])cc1,2.49118129
COC(=O)c1ccc(C(c2ccccc2)C(Br)Oc2ccccc2)cc1,2.11905733
COCOCC(c1ccccc1)(c1ccccc1)c1ccc(C#N)cc1,2.28215407
CC(c1ccccc1)(c1ccc(C#N)cc1)C(Oc1ccccc1)c1ccccc1,1.85854879
COC(C#N)C(C)(c1ccccc1)c1ccccc1,2.17744999
COC(=O)c1ccc(C(C)(C)C(OC)c2ccccc2)cc1,2.31831616
COC(=O)c1ccc(C(C#N)C(C#N)Oc2ccccc2)cc1,2.22580216
CCc1ccc(CC(OC)OC)cc1,2.06422918
COCOC(C#N)C(C)(c1ccccc1)c1ccc(C(=O)OC)cc1,2.38642279
CC(C#N)(c1ccc([N+](=O)[O-])cc1)C(Oc1ccccc1)c1ccccc1,1.96357939
COC(C#N)C(c1ccccc1)c1ccccc1,2.25399172
CCc1ccc(C(C)(c2ccccc2)C(C)OCOC)cc1,1.81835962
N#CC(Oc1ccccc1)C(c1ccccc1)(c1ccccc1)c1ccccc1,2.0751676
CC(Oc1ccccc1)C(c1ccccc1)(c1ccccc1)c1ccc(C#N)cc1,1.82235949
COC(c1ccccc1)C(C)(c1ccccc1)c1ccc(C#N)cc1,2.19442903
COC(=O)c1ccc(C(C#N)(c2ccccc2)C(Oc2ccccc2)c2ccccc2)cc1,1.96374265
CCc1ccc(C(C)(C#N)C(OC)OC)cc1,2.20335391
COC(OC)C(C)c1ccc(C#N)cc1,2.48943985
CCc1ccc(C(C)(c2ccccc2)C(C)OC)cc1,1.87813999
COCOC(C#N)Cc1ccc(C(=O)OC)cc1,2.69035849
COc1ccc(C(C#N)(c2ccccc2)C(Br)Oc2ccccc2)cc1,1.88355478
CC(c1ccccc1)(c1ccc(-c2ccccc2)cc1)C(Br)Oc1ccccc1,1.79827864
COc1ccc(C(C)(C#N)C(C#N)Oc2ccccc2)cc1,1.94300863
CC(C)(c1ccc([N+](=O)[O-])cc1)C(Oc1ccccc1)c1ccccc1,1.82777428
N#Cc1ccc(C(C#N)C(Oc2ccccc2)c2ccccc2)cc1,1.9554436000000002
COCOC(Br)C(c1ccccc1)(c1ccccc1)c1ccc(C(=O)OC)cc1,2.06093677
COC(C#N)C(C)(C#N)c1ccc([N+](=O)[O-])cc1,3.27545512
COC(Br)C(C)(C)c1ccc(-c2ccccc2)cc1,1.79291827
COc1ccc(C(C#N)(C#N)C(OC)Oc2ccccc2)cc1,2.02501957
CCc1ccc(C(C)C(C)OCOC)cc1,1.99049008
COC(C#N)C(C)(C#N)c1ccc(C#N)cc1,3.05475481
COCOC(C)C(C)(C)c1ccc(C#N)cc1,2.44900579
CCc1ccc(C(C#N)(c2ccccc2)C(OC)OC)cc1,2.16327358
CC(Oc1ccccc1)C(C#N)(c1ccccc1)c1ccc(C#N)cc1,1.92298207
COCOC(Br)C(C)c1ccc(-c2ccccc2)cc1,1.78875514
COC(Br)C(C)(C#N)c1ccc(C#N)cc1,3.03317728
N#CC(Oc1ccccc1)C(C#N)(C#N)c1ccccc1,2.33907739
CCc1ccc(CC(C#N)OCOC)cc1,2.23293118
COC(Oc1ccccc1)C(C#N)(C#N)c1ccc(C#N)cc1,2.16506944
COCOCC(C#N)(c1ccccc1)c1ccc(-c2ccccc2)cc1,1.89392179
COC(=O)c1ccc(C(C#N)C(OC)Oc2ccccc2)cc1,1.96564735
COCOCC(c1ccccc1)(c1ccccc1)c1ccc([N+](=O)[O-])cc1,2.20621096
COCOC(C)C(C#N)c1ccccc1,2.58959986
COC(C)Cc1ccc(C#N)cc1,2.40465349
N#Cc1ccc(CC(Br)Oc2ccccc2)cc1,2.13758734
N#CC(COc1ccccc1)c1ccccc1,1.93002946
COCOC(C#N)C(c1ccccc1)(c1ccccc1)c1ccc(C(=O)OC)cc1,2.28163708
CC(C#N)(COc1ccccc1)c1ccc(-c2ccccc2)cc1,1.91879173
CC(c1ccc(-c2ccccc2)cc1)C(Br)Oc1ccccc1,1.79509507
COCOC(C#N)C(C#N)(c1ccccc1)c1ccc(C(=O)OC)cc1,2.65052305
COCOCC(c1ccccc1)c1ccc([N+](=O)[O-])cc1,2.37779722
COC(C#N)C(C)(c1ccccc1)c1ccc(C#N)cc1,2.40691192
COC(Cc1ccc(C#N)cc1)OC,2.58432112
COCOC(c1ccccc1)C(C#N)c1ccc(-c2ccccc2)cc1,1.89509182
COCOC(c1ccccc1)C(C#N)c1ccccc1,2.44310122
N#CC(Cc1ccc([N+](=O)[O-])cc1)Oc1ccccc1,2.12120692
COCOCC(C#N)(C#N)c1ccc(C(=O)OC)cc1,3.04027909
COC(c1ccccc1)C(C)c1ccc(C#N)cc1,2.34593431
COC(OC)C(c1ccccc1)c1ccc([N+](=O)[O-])cc1,2.28457576
COCOC(OC)C(C#N)(C#N)c1ccc(C#N)cc1,3.11290258
COC(=O)c1ccc(C(c2ccccc2)(c2ccccc2)C(C#N)Oc2ccccc2)cc1,2.13568264
CCc1ccc(C(C)(C)C(OC)OCOC)cc1,1.95985162
COc1ccc(C(C#N)(c2ccccc2)C(OC)c2ccccc2)cc1,1.81844125
COC(C)C(C)(C#N)c1ccc(C#N)cc1,2.8228984
N#CC(c1ccc(-c2ccccc2)cc1)C(Oc1ccccc1)c1ccccc1,1.91824753
COCOC(Br)C(C#N)c1ccc([N+](=O)[O-])cc1,2.94607807
COCC(C#N)(c1ccccc1)c1ccc([N+](=O)[O-])cc1,2.62611568
COCC(C#N)(C#N)c1ccccc1,2.82219094
COCOC(C)C(c1ccccc1)(c1ccccc1)c1ccccc1,1.89114637
COCOC(Br)C(C)(c1ccccc1)c1ccccc1,2.08069123
COCOCC(C)(C#N)c1ccc(-c2ccccc2)cc1,1.88608531
COC(OC)C(c1ccccc1)(c1ccccc1)c1ccccc1,2.01446209
COc1ccc(C(C)(C#N)C(C)OC)cc1,1.79640115
CCc1ccc(C(C)(c2ccccc2)C(Oc2ccccc2)c2ccccc2)cc1,1.79542159
COCOC(c1ccccc1)C(C#N)c1ccc(C#N)cc1,2.43997207
CCc1ccc(C(c2ccccc2)(c2ccccc2)C(OC)c2ccccc2)cc1,1.93868224
CC(C)(c1ccccc1)C(Br)Oc1ccccc1,2.0623789
CCc1ccc(C(C)(c2ccccc2)C(C#N)Oc2ccccc2)cc1,2.07927631
COCOCC(C#N)(C#N)c1ccc(-c2ccccc2)cc1,2.08626928
COC(C#N)C(C)c1ccccc1,2.37728023
COCOC(OC)C(C#N)(c1ccccc1)c1ccccc1,2.36424664
COC(=O)c1ccc(C(C)(c2ccccc2)C(C#N)Oc2ccccc2)cc1,2.09388808
CCc1ccc(C(C)C(C#N)Oc2ccccc2)cc1,2.07307243
COC(C)C(C#N)c1ccc([N+](=O)[O-])cc1,3.01130044
COC(C)C(C)(C)c1ccc(C#N)cc1,2.54353333
COC(=O)c1ccc(C(c2ccccc2)C(OC)OC)cc1,2.2087687000000003
CCc1ccc(C(c2ccccc2)C(C#N)Oc2ccccc2)cc1,1.9614298
COC(OC)C(C)(C#N)c1ccc([N+](=O)[O-])cc1,2.95698928
COCOC(C)C(C#N)(c1ccccc1)c1ccc(OC)cc1,1.78897282
COCOC(Br)Cc1ccc(-c2ccccc2)cc1,1.83376048
COCOC(c1ccccc1)C(c1ccccc1)(c1ccccc1)c1ccc([N+](=O)[O-])cc1,2.18468785
COC(C)C(C)c1ccccc1,2.07386152
COCC(C)c1ccc(C#N)cc1,2.63229235
COC(=O)c1ccc(C(C#N)(c2ccccc2)C(Br)OC)cc1,2.41850338
COCOC(OC)C(C#N)(c1ccccc1)c1ccc(C#N)cc1,2.52015994
COCOC(Br)C(C#N)(C#N)c1ccccc1,2.86526437
COCC(C#N)c1ccc(C#N)cc1,2.84776834
COCOC(C#N)Cc1ccc(-c2ccccc2)cc1,1.8251077000000002
CCc1ccc(C(C#N)COC)cc1,2.25042721
COC(=O)c1ccc(C(C#N)(C#N)C(Oc2ccccc2)c2ccccc2)cc1,2.07231055
N#CC(COc1ccccc1)c1ccc(-c2ccccc2)cc1,1.89552718
CCc1ccc(C(c2ccccc2)(c2ccccc2)C(C#N)OCOC)cc1,2.11726147
CCc1ccc(C(c2ccccc2)(c2ccccc2)C(C#N)Oc2ccccc2)cc1,2.06572573
COCOCC(C#N)c1ccccc1,2.57857981
CCc1ccc(C(C)C(C#N)OC)cc1,2.1483625
COC(Br)C(C)c1ccc(C#N)cc1,2.49109966
COCOC(Br)C(C)(C#N)c1ccc(-c2ccccc2)cc1,1.90137733
COC(OC)C(C#N)(C#N)c1ccc([N+](=O)[O-])cc1,3.21684478
COC(C)C(C#N)(c1ccccc1)c1ccccc1,2.26893001
CCc1ccc(C(C)COCOC)cc1,2.05116838
COCOC(C#N)C(C#N)(c1ccccc1)c1ccc(C#N)cc1,2.68954219
COC(C)C(C#N)(c1ccccc1)c1ccc(-c2ccccc2)cc1,1.85854879
COc1ccc(C(C#N)C(Br)OC)cc1,1.94344399
COCOCC(C)(C#N)c1ccc(C(=O)OC)cc1,2.71313326
CCc1ccc(C(C)C(OC)OC)cc1,1.96428685
CC(Oc1ccccc1)C(C#N)(c1ccccc1)c1ccccc1,1.86826276
COc1ccc(C(C#N)C(Oc2ccccc2)c2ccccc2)cc1,1.84001878
COCOC(C#N)C(C#N)c1ccc(OC)cc1,1.97963329
COCOC(OC)C(C#N)(C#N)c1ccc(OC)cc1,2.00461207
COC(=O)c1ccc(C(C)C(OC)OC)cc1,2.47779397
CCc1ccc(C(C#N)(C#N)C(C)OCOC)cc1,2.51749336
COCOCC(C)(c1ccccc1)c1ccc(C(=O)OC)cc1,2.1997894000000002
CCc1ccc(C(C#N)(c2ccccc2)C(C#N)OCOC)cc1,2.37110356
COCOC(C#N)C(C)(C#N)c1ccccc1,2.69672563
COC(OC)C(C#N)(c1ccccc1)c1ccccc1,2.34375751
CCc1ccc(C(c2ccccc2)(c2ccccc2)C(OC)OC)cc1,1.84532473
COC(C#N)C(C#N)c1ccccc1,2.75879164
COC(C)C(C#N)(c1ccccc1)c1ccc(C#N)cc1,2.47621579
COCOC(OC)C(C)c1ccc(C#N)cc1,2.56554622
COCOC(C#N)C(c1ccccc1)c1ccc(-c2ccccc2)cc1,1.78475527
CC(Oc1ccccc1)C(C#N)(c1ccccc1)c1ccc(-c2ccccc2)cc1,1.86630364
COC(Oc1ccccc1)C(C)(c1ccccc1)c1ccc([N+](=O)[O-])cc1,1.83961063
COCOC(OC)C(C#N)c1ccc(-c2ccccc2)cc1,1.91568979
COCOC(C)C(C#N)(C#N)c1ccccc1,2.74902325
CCc1ccc(C(c2ccccc2)(c2ccccc2)C(C#N)OC)cc1,2.11527514
CC(Oc1ccccc1)C(c1ccccc1)c1ccc([N+](=O)[O-])cc1,1.80050986
COCOC(OC)C(C#N)(C#N)c1ccc(-c2ccccc2)cc1,2.0493181000000003
COCOC(C)C(C)(c1ccccc1)c1ccc([N+](=O)[O-])cc1,2.30650702
CC(Oc1ccccc1)C(C#N)(C#N)c1ccc([N+](=O)[O-])cc1,2.06412034
CCc1ccc(C(C)C(OCOC)c2ccccc2)cc1,1.94839621
COc1ccc(C(C)(C#N)C(Br)Oc2ccccc2)cc1,1.86739204
COC(Br)Cc1ccccc1,2.28419482
N#CC(Cc1ccc(-c2ccccc2)cc1)Oc1ccccc1,1.82970619
N#CC(Oc1ccccc1)C(C#N)(c1ccccc1)c1ccccc1,2.2027825
CCc1ccc(C(c2ccccc2)C(C#N)OCOC)cc1,2.10460882
COC(=O)c1ccc(CC(OC)Oc2ccccc2)cc1,1.81933918
COC(Cc1ccc([N+](=O)[O-])cc1)c1ccccc1,2.40046315
CCc1ccc(C(c2ccccc2)C(OC)c2ccccc2)cc1,1.91334973
COC(C#N)C(C)c1ccc(-c2ccccc2)cc1,1.80401995
N#Cc1ccc(C(c2ccccc2)C(Oc2ccccc2)c2ccccc2)cc1,1.79433319
c1ccc(OCC(c2ccccc2)(c2ccccc2)c2ccccc2)cc1,1.82671309
COC(=O)c1ccc(CC(Br)Oc2ccccc2)cc1,2.11005082
CCc1ccc(C(C)(C#N)C(C)Oc2ccccc2)cc1,1.84744711
COC(C)C(C#N)(C#N)c1ccccc1,2.80670845
COc1ccc(C(C#N)(c2ccccc2)C(C#N)OC)cc1,1.91310484
COC(=O)c1ccc(C(c2ccccc2)(c2ccccc2)C(C#N)OC)cc1,2.17652485
COCOC(C)C(C#N)(c1ccccc1)c1ccccc1,2.40506164
COCOCC(c1ccccc1)c1ccc(C#N)cc1,2.33777131
COCOC(c1ccccc1)C(C)(C#N)c1ccccc1,2.2727122000000004
COCC(c1ccccc1)(c1ccccc1)c1ccc(C(=O)OC)cc1,2.08879981
COCOC(C)C(C#N)(C#N)c1ccc(C(=O)OC)cc1,3.00463399
COC(C)C(C)(C#N)c1ccccc1,2.43969997
COCOC(Cc1ccc(C(=O)OC)cc1)OC,2.43667966
N#CC(Oc1ccccc1)C(c1ccccc1)c1ccc(-c2ccccc2)cc1,1.78693207
N#Cc1ccc(C(COc2ccccc2)c2ccccc2)cc1,1.82282206
COCOC(OC)C(c1ccccc1)c1ccccc1,2.08183405
COCOC(OC)C(C#N)(c1ccccc1)c1ccc(OC)cc1,1.85005927
COCOCC(C)c1ccc(C(=O)OC)cc1,2.37970192
COCOC(Br)C(C)(C#N)c1ccc(OC)cc1,1.91348578
COCOCC(C#N)(c1ccccc1)c1ccc([N+](=O)[O-])cc1,2.68312063
